Record Length;2,50E+03;;-0,12;0
Sample Interval;1,00E-03;;-0,119;0
Trigger Point;1,20E+02;;-0,118;0
;;;-0,117;0
;;;-0,116;0
;;;-0,115;0
Source;CH1;;-0,114;0
Vertical Units;V;;-0,113;0
Vertical Scale;5,00E-02;;-0,112;0
Vertical Offset;-1,80E-01;;-0,111;-0,01
Horizontal Units;s;;-0,11;0
Horizontal Scale;2,50E-01;;-0,109;-0,002
Pt Fmt;Y;;-0,108;0
Yzero;0,00E+00;;-0,107;0
Probe Atten;1,00E+00;;-0,106;0
Model Number;TBS1052B-EDU;;-0,105;0
Serial Number;C012440;;-0,104;0
Firmware Version;FV:v4.0;;-0,103;0
;;;-0,102;0
;;;-0,101;0
;;;-0,1;0
;;;-0,099;0
;;;-0,098;0
;;;-0,097;0
;;;-0,096;0
;;;-0,095;-0,002
;;;-0,094;0
;;;-0,093;-0,002
;;;-0,092;-0,002
;;;-0,091;0
;;;-0,09;0
;;;-0,089;0
;;;-0,088;0
;;;-0,087;0
;;;-0,086;0
;;;-0,085;0
;;;-0,084;0
;;;-0,083;0
;;;-0,082;0
;;;-0,081;0
;;;-0,08;0
;;;-0,079;0
;;;-0,078;-0,002
;;;-0,077;0
;;;-0,076;0
;;;-0,075;0
;;;-0,074;-0,002
;;;-0,073;0
;;;-0,072;0
;;;-0,071;0
;;;-0,07;0
;;;-0,069;0
;;;-0,068;0
;;;-0,067;0
;;;-0,066;0
;;;-0,065;0
;;;-0,064;0
;;;-0,063;0
;;;-0,062;-0,002
;;;-0,061;-0,002
;;;-0,06;0
;;;-0,059;-0,002
;;;-0,058;-0,002
;;;-0,057;0
;;;-0,056;0
;;;-0,055;0
;;;-0,054;0
;;;-0,053;0,002
;;;-0,052;0
;;;-0,051;0
;;;-0,05;0
;;;-0,049;0
;;;-0,048;0
;;;-0,047;0
;;;-0,046;0
;;;-0,045;0
;;;-0,044;0,002
;;;-0,043;-0,002
;;;-0,042;0
;;;-0,041;0
;;;-0,04;0
;;;-0,039;0
;;;-0,038;0
;;;-0,037;0,002
;;;-0,036;0,002
;;;-0,035;0
;;;-0,034;0
;;;-0,033;0
;;;-0,032;0
;;;-0,031;0,002
;;;-0,03;0
;;;-0,029;0
;;;-0,028;0
;;;-0,027;-0,002
;;;-0,026;-0,002
;;;-0,025;-0,002
;;;-0,024;-0,002
;;;-0,023;0
;;;-0,022;0
;;;-0,021;0
;;;-0,02;0
;;;-0,019;0
;;;-0,018;0
;;;-0,017;0,002
;;;-0,016;0
;;;-0,015;0
;;;-0,014;-0,002
;;;-0,013;0
;;;-0,012;0
;;;-0,011;0
;;;-0,01;-0,002
;;;-0,009;0,002
;;;-0,008;-0,002
;;;-0,007;0
;;;-0,006;0
;;;-0,005;0
;;;-0,004;0
;;;-0,003;0
;;;-0,002;0
;;;-0,001;0
;;;0;0,006
;;;0,001;0,012
;;;0,002;0,016
;;;0,003;0,02
;;;0,004;0,024
;;;0,005;0,022
;;;0,006;0,03
;;;0,007;0,036
;;;0,008;0,044
;;;0,009;0,044
;;;0,01;0,048
;;;0,011;0,05
;;;0,012;0,054
;;;0,013;0,056
;;;0,014;0,06
;;;0,015;0,064
;;;0,016;0,066
;;;0,017;0,07
;;;0,018;0,072
;;;0,019;0,074
;;;0,02;0,076
;;;0,021;0,078
;;;0,022;0,082
;;;0,023;0,082
;;;0,024;0,086
;;;0,025;0,088
;;;0,026;0,09
;;;0,027;0,092
;;;0,028;0,096
;;;0,029;0,096
;;;0,03;0,096
;;;0,031;0,1
;;;0,032;0,102
;;;0,033;0,104
;;;0,034;0,106
;;;0,035;0,108
;;;0,036;0,108
;;;0,037;0,11
;;;0,038;0,112
;;;0,039;0,114
;;;0,04;0,116
;;;0,041;0,116
;;;0,042;0,116
;;;0,043;0,118
;;;0,044;0,122
;;;0,045;0,122
;;;0,046;0,124
;;;0,047;0,126
;;;0,048;0,126
;;;0,049;0,13
;;;0,05;0,128
;;;0,051;0,126
;;;0,052;0,128
;;;0,053;0,13
;;;0,054;0,13
;;;0,055;0,132
;;;0,056;0,132
;;;0,057;0,132
;;;0,058;0,134
;;;0,059;0,136
;;;0,06;0,136
;;;0,061;0,136
;;;0,062;0,136
;;;0,063;0,138
;;;0,064;0,138
;;;0,065;0,14
;;;0,066;0,14
;;;0,067;0,138
;;;0,068;0,14
;;;0,069;0,14
;;;0,07;0,142
;;;0,071;0,142
;;;0,072;0,142
;;;0,073;0,142
;;;0,074;0,142
;;;0,075;0,142
;;;0,076;0,142
;;;0,077;0,142
;;;0,078;0,144
;;;0,079;0,146
;;;0,08;0,146
;;;0,081;0,146
;;;0,082;0,146
;;;0,083;0,146
;;;0,084;0,144
;;;0,085;0,146
;;;0,086;0,146
;;;0,087;0,144
;;;0,088;0,144
;;;0,089;0,144
;;;0,09;0,146
;;;0,091;0,146
;;;0,092;0,146
;;;0,093;0,146
;;;0,094;0,146
;;;0,095;0,146
;;;0,096;0,144
;;;0,097;0,146
;;;0,098;0,148
;;;0,099;0,148
;;;0,1;0,146
;;;0,101;0,146
;;;0,102;0,146
;;;0,103;0,146
;;;0,104;0,148
;;;0,105;0,146
;;;0,106;0,144
;;;0,107;0,146
;;;0,108;0,146
;;;0,109;0,144
;;;0,11;0,146
;;;0,111;0,146
;;;0,112;0,144
;;;0,113;0,146
;;;0,114;0,146
;;;0,115;0,144
;;;0,116;0,144
;;;0,117;0,144
;;;0,118;0,14
;;;0,119;0,142
;;;0,12;0,142
;;;0,121;0,142
;;;0,122;0,142
;;;0,123;0,14
;;;0,124;0,142
;;;0,125;0,14
;;;0,126;0,144
;;;0,127;0,14
;;;0,128;0,14
;;;0,129;0,14
;;;0,13;0,14
;;;0,131;0,14
;;;0,132;0,14
;;;0,133;0,138
;;;0,134;0,138
;;;0,135;0,138
;;;0,136;0,138
;;;0,137;0,14
;;;0,138;0,136
;;;0,139;0,136
;;;0,14;0,122
;;;0,141;0,136
;;;0,142;0,134
;;;0,143;0,136
;;;0,144;0,136
;;;0,145;0,136
;;;0,146;0,134
;;;0,147;0,134
;;;0,148;0,134
;;;0,149;0,134
;;;0,15;0,132
;;;0,151;0,132
;;;0,152;0,132
;;;0,153;0,13
;;;0,154;0,13
;;;0,155;0,13
;;;0,156;0,13
;;;0,157;0,13
;;;0,158;0,128
;;;0,159;0,118
;;;0,16;0,128
;;;0,161;0,128
;;;0,162;0,128
;;;0,163;0,128
;;;0,164;0,128
;;;0,165;0,128
;;;0,166;0,128
;;;0,167;0,126
;;;0,168;0,128
;;;0,169;0,126
;;;0,17;0,124
;;;0,171;0,124
;;;0,172;0,122
;;;0,173;0,122
;;;0,174;0,122
;;;0,175;0,122
;;;0,176;0,122
;;;0,177;0,122
;;;0,178;0,122
;;;0,179;0,122
;;;0,18;0,12
;;;0,181;0,122
;;;0,182;0,12
;;;0,183;0,12
;;;0,184;0,12
;;;0,185;0,12
;;;0,186;0,116
;;;0,187;0,116
;;;0,188;0,116
;;;0,189;0,114
;;;0,19;0,116
;;;0,191;0,114
;;;0,192;0,116
;;;0,193;0,116
;;;0,194;0,116
;;;0,195;0,114
;;;0,196;0,114
;;;0,197;0,114
;;;0,198;0,114
;;;0,199;0,112
;;;0,2;0,112
;;;0,201;0,112
;;;0,202;0,11
;;;0,203;0,11
;;;0,204;0,11
;;;0,205;0,108
;;;0,206;0,108
;;;0,207;0,108
;;;0,208;0,108
;;;0,209;0,106
;;;0,21;0,11
;;;0,211;0,108
;;;0,212;0,108
;;;0,213;0,106
;;;0,214;0,106
;;;0,215;0,106
;;;0,216;0,108
;;;0,217;0,104
;;;0,218;0,102
;;;0,219;0,104
;;;0,22;0,1
;;;0,221;0,104
;;;0,222;0,102
;;;0,223;0,1
;;;0,224;0,102
;;;0,225;0,104
;;;0,226;0,1
;;;0,227;0,102
;;;0,228;0,1
;;;0,229;0,1
;;;0,23;0,102
;;;0,231;0,1
;;;0,232;0,1
;;;0,233;0,1
;;;0,234;0,1
;;;0,235;0,098
;;;0,236;0,096
;;;0,237;0,1
;;;0,238;0,096
;;;0,239;0,096
;;;0,24;0,096
;;;0,241;0,094
;;;0,242;0,092
;;;0,243;0,094
;;;0,244;0,096
;;;0,245;0,098
;;;0,246;0,094
;;;0,247;0,094
;;;0,248;0,094
;;;0,249;0,094
;;;0,25;0,09
;;;0,251;0,09
;;;0,252;0,09
;;;0,253;0,09
;;;0,254;0,09
;;;0,255;0,09
;;;0,256;0,088
;;;0,257;0,088
;;;0,258;0,088
;;;0,259;0,088
;;;0,26;0,088
;;;0,261;0,088
;;;0,262;0,088
;;;0,263;0,088
;;;0,264;0,098
;;;0,265;0,088
;;;0,266;0,086
;;;0,267;0,074
;;;0,268;0,086
;;;0,269;0,086
;;;0,27;0,084
;;;0,271;0,084
;;;0,272;0,086
;;;0,273;0,084
;;;0,274;0,084
;;;0,275;0,084
;;;0,276;0,084
;;;0,277;0,084
;;;0,278;0,082
;;;0,279;0,084
;;;0,28;0,082
;;;0,281;0,082
;;;0,282;0,082
;;;0,283;0,082
;;;0,284;0,082
;;;0,285;0,08
;;;0,286;0,08
;;;0,287;0,078
;;;0,288;0,078
;;;0,289;0,078
;;;0,29;0,078
;;;0,291;0,078
;;;0,292;0,078
;;;0,293;0,078
;;;0,294;0,078
;;;0,295;0,078
;;;0,296;0,078
;;;0,297;0,076
;;;0,298;0,076
;;;0,299;0,076
;;;0,3;0,076
;;;0,301;0,074
;;;0,302;0,074
;;;0,303;0,074
;;;0,304;0,074
;;;0,305;0,072
;;;0,306;0,072
;;;0,307;0,072
;;;0,308;0,072
;;;0,309;0,072
;;;0,31;0,07
;;;0,311;0,07
;;;0,312;0,072
;;;0,313;0,07
;;;0,314;0,07
;;;0,315;0,07
;;;0,316;0,07
;;;0,317;0,07
;;;0,318;0,07
;;;0,319;0,07
;;;0,32;0,068
;;;0,321;0,068
;;;0,322;0,068
;;;0,323;0,068
;;;0,324;0,066
;;;0,325;0,066
;;;0,326;0,066
;;;0,327;0,066
;;;0,328;0,068
;;;0,329;0,068
;;;0,33;0,068
;;;0,331;0,068
;;;0,332;0,066
;;;0,333;0,068
;;;0,334;0,066
;;;0,335;0,066
;;;0,336;0,064
;;;0,337;0,064
;;;0,338;0,062
;;;0,339;0,064
;;;0,34;0,064
;;;0,341;0,064
;;;0,342;0,062
;;;0,343;0,062
;;;0,344;0,062
;;;0,345;0,062
;;;0,346;0,062
;;;0,347;0,06
;;;0,348;0,062
;;;0,349;0,062
;;;0,35;0,062
;;;0,351;0,06
;;;0,352;0,062
;;;0,353;0,06
;;;0,354;0,06
;;;0,355;0,058
;;;0,356;0,06
;;;0,357;0,058
;;;0,358;0,058
;;;0,359;0,058
;;;0,36;0,06
;;;0,361;0,056
;;;0,362;0,058
;;;0,363;0,058
;;;0,364;0,054
;;;0,365;0,058
;;;0,366;0,058
;;;0,367;0,058
;;;0,368;0,056
;;;0,369;0,06
;;;0,37;0,056
;;;0,371;0,054
;;;0,372;0,056
;;;0,373;0,054
;;;0,374;0,054
;;;0,375;0,054
;;;0,376;0,054
;;;0,377;0,054
;;;0,378;0,054
;;;0,379;0,054
;;;0,38;0,052
;;;0,381;0,054
;;;0,382;0,052
;;;0,383;0,048
;;;0,384;0,052
;;;0,385;0,052
;;;0,386;0,052
;;;0,387;0,05
;;;0,388;0,046
;;;0,389;0,05
;;;0,39;0,05
;;;0,391;0,05
;;;0,392;0,05
;;;0,393;0,05
;;;0,394;0,05
;;;0,395;0,05
;;;0,396;0,05
;;;0,397;0,05
;;;0,398;0,05
;;;0,399;0,048
;;;0,4;0,05
;;;0,401;0,05
;;;0,402;0,048
;;;0,403;0,048
;;;0,404;0,048
;;;0,405;0,048
;;;0,406;0,048
;;;0,407;0,048
;;;0,408;0,048
;;;0,409;0,046
;;;0,41;0,064
;;;0,411;0,048
;;;0,412;0,046
;;;0,413;0,048
;;;0,414;0,046
;;;0,415;0,046
;;;0,416;0,046
;;;0,417;0,048
;;;0,418;0,046
;;;0,419;0,046
;;;0,42;0,044
;;;0,421;0,044
;;;0,422;0,044
;;;0,423;0,044
;;;0,424;0,042
;;;0,425;0,042
;;;0,426;0,042
;;;0,427;0,042
;;;0,428;0,044
;;;0,429;0,044
;;;0,43;0,044
;;;0,431;0,044
;;;0,432;0,042
;;;0,433;0,044
;;;0,434;0,04
;;;0,435;0,042
;;;0,436;0,042
;;;0,437;0,042
;;;0,438;0,04
;;;0,439;0,038
;;;0,44;0,04
;;;0,441;0,04
;;;0,442;0,04
;;;0,443;0,04
;;;0,444;0,04
;;;0,445;0,042
;;;0,446;0,04
;;;0,447;0,04
;;;0,448;0,038
;;;0,449;0,04
;;;0,45;0,038
;;;0,451;0,038
;;;0,452;0,04
;;;0,453;0,038
;;;0,454;0,038
;;;0,455;0,038
;;;0,456;0,04
;;;0,457;0,038
;;;0,458;0,038
;;;0,459;0,036
;;;0,46;0,038
;;;0,461;0,036
;;;0,462;0,038
;;;0,463;0,038
;;;0,464;0,038
;;;0,465;0,038
;;;0,466;0,038
;;;0,467;0,038
;;;0,468;0,036
;;;0,469;0,036
;;;0,47;0,036
;;;0,471;0,036
;;;0,472;0,036
;;;0,473;0,036
;;;0,474;0,036
;;;0,475;0,034
;;;0,476;0,034
;;;0,477;0,036
;;;0,478;0,034
;;;0,479;0,032
;;;0,48;0,034
;;;0,481;0,034
;;;0,482;0,034
;;;0,483;0,034
;;;0,484;0,034
;;;0,485;0,034
;;;0,486;0,034
;;;0,487;0,034
;;;0,488;0,036
;;;0,489;0,032
;;;0,49;0,034
;;;0,491;0,034
;;;0,492;0,032
;;;0,493;0,028
;;;0,494;0,032
;;;0,495;0,032
;;;0,496;0,028
;;;0,497;0,032
;;;0,498;0,032
;;;0,499;0,034
;;;0,5;0,03
;;;0,501;0,032
;;;0,502;0,032
;;;0,503;0,032
;;;0,504;0,032
;;;0,505;0,03
;;;0,506;0,03
;;;0,507;0,03
;;;0,508;0,03
;;;0,509;0,03
;;;0,51;0,03
;;;0,511;0,03
;;;0,512;0,028
;;;0,513;0,03
;;;0,514;0,03
;;;0,515;0,016
;;;0,516;0,03
;;;0,517;0,03
;;;0,518;0,03
;;;0,519;0,03
;;;0,52;0,03
;;;0,521;0,028
;;;0,522;0,028
;;;0,523;0,028
;;;0,524;0,028
;;;0,525;0,028
;;;0,526;0,028
;;;0,527;0,028
;;;0,528;0,028
;;;0,529;0,028
;;;0,53;0,03
;;;0,531;0,028
;;;0,532;0,03
;;;0,533;0,028
;;;0,534;0,028
;;;0,535;0,028
;;;0,536;0,026
;;;0,537;0,026
;;;0,538;0,026
;;;0,539;0,028
;;;0,54;0,028
;;;0,541;0,028
;;;0,542;0,026
;;;0,543;0,026
;;;0,544;0,028
;;;0,545;0,026
;;;0,546;0,028
;;;0,547;0,028
;;;0,548;0,026
;;;0,549;0,028
;;;0,55;0,026
;;;0,551;0,028
;;;0,552;0,026
;;;0,553;0,026
;;;0,554;0,026
;;;0,555;0,026
;;;0,556;0,024
;;;0,557;0,024
;;;0,558;0,024
;;;0,559;0,026
;;;0,56;0,024
;;;0,561;0,024
;;;0,562;0,026
;;;0,563;0,026
;;;0,564;0,024
;;;0,565;0,026
;;;0,566;0,024
;;;0,567;0,026
;;;0,568;0,024
;;;0,569;0,024
;;;0,57;0,024
;;;0,571;0,024
;;;0,572;0,022
;;;0,573;0,022
;;;0,574;0,024
;;;0,575;0,022
;;;0,576;0,024
;;;0,577;0,022
;;;0,578;0,022
;;;0,579;0,024
;;;0,58;0,024
;;;0,581;0,02
;;;0,582;0,024
;;;0,583;0,022
;;;0,584;0,022
;;;0,585;0,022
;;;0,586;0,022
;;;0,587;0,02
;;;0,588;0,022
;;;0,589;0,022
;;;0,59;0,022
;;;0,591;0,022
;;;0,592;0,022
;;;0,593;0,02
;;;0,594;0,022
;;;0,595;0,022
;;;0,596;0,022
;;;0,597;0,022
;;;0,598;0,02
;;;0,599;0,02
;;;0,6;0,022
;;;0,601;0,02
;;;0,602;0,022
;;;0,603;0,022
;;;0,604;0,02
;;;0,605;0,02
;;;0,606;0,02
;;;0,607;0,02
;;;0,608;0,02
;;;0,609;0,018
;;;0,61;0,02
;;;0,611;0,02
;;;0,612;0,016
;;;0,613;0,02
;;;0,614;0,02
;;;0,615;0,018
;;;0,616;0,02
;;;0,617;0,024
;;;0,618;0,02
;;;0,619;0,02
;;;0,62;0,014
;;;0,621;0,018
;;;0,622;0,018
;;;0,623;0,02
;;;0,624;0,018
;;;0,625;0,018
;;;0,626;0,018
;;;0,627;0,02
;;;0,628;0,018
;;;0,629;0,018
;;;0,63;0,018
;;;0,631;0,018
;;;0,632;0,018
;;;0,633;0,02
;;;0,634;0,018
;;;0,635;0,02
;;;0,636;0,02
;;;0,637;0,018
;;;0,638;0,018
;;;0,639;0,014
;;;0,64;0,018
;;;0,641;0,018
;;;0,642;0
;;;0,643;0,018
;;;0,644;0,016
;;;0,645;0,018
;;;0,646;0,018
;;;0,647;0,018
;;;0,648;0,018
;;;0,649;0,018
;;;0,65;0,018
;;;0,651;0,018
;;;0,652;0,016
;;;0,653;0,016
;;;0,654;0,016
;;;0,655;0,018
;;;0,656;0,018
;;;0,657;0,016
;;;0,658;0,016
;;;0,659;0,016
;;;0,66;0,016
;;;0,661;0,016
;;;0,662;0,016
;;;0,663;0,018
;;;0,664;0,016
;;;0,665;0,016
;;;0,666;0,016
;;;0,667;0,016
;;;0,668;0,016
;;;0,669;0,016
;;;0,67;0,016
;;;0,671;0,014
;;;0,672;0,014
;;;0,673;0,014
;;;0,674;0,016
;;;0,675;0,016
;;;0,676;0,014
;;;0,677;0,016
;;;0,678;0,016
;;;0,679;0,016
;;;0,68;0,016
;;;0,681;0,014
;;;0,682;0,016
;;;0,683;0,014
;;;0,684;0,014
;;;0,685;0,014
;;;0,686;0,016
;;;0,687;0,014
;;;0,688;0,014
;;;0,689;0,014
;;;0,69;0,014
;;;0,691;0,014
;;;0,692;0,014
;;;0,693;0,012
;;;0,694;0,014
;;;0,695;0,014
;;;0,696;0,016
;;;0,697;0,014
;;;0,698;0,016
;;;0,699;0,014
;;;0,7;0,016
;;;0,701;0,014
;;;0,702;0,014
;;;0,703;0,016
;;;0,704;0,012
;;;0,705;0,014
;;;0,706;0,012
;;;0,707;0,014
;;;0,708;0,012
;;;0,709;0,012
;;;0,71;0,012
;;;0,711;0,012
;;;0,712;0,016
;;;0,713;0,014
;;;0,714;0,014
;;;0,715;0,014
;;;0,716;0,014
;;;0,717;0,01
;;;0,718;0,014
;;;0,719;0,012
;;;0,72;0,012
;;;0,721;0,012
;;;0,722;0,01
;;;0,723;0,012
;;;0,724;0,012
;;;0,725;0,014
;;;0,726;0,012
;;;0,727;0,012
;;;0,728;0,012
;;;0,729;0,012
;;;0,73;0,014
;;;0,731;0,014
;;;0,732;0,014
;;;0,733;0,012
;;;0,734;0,014
;;;0,735;0,012
;;;0,736;0,008
;;;0,737;0,012
;;;0,738;0,01
;;;0,739;0,016
;;;0,74;0,01
;;;0,741;0,012
;;;0,742;0,01
;;;0,743;0,01
;;;0,744;0,016
;;;0,745;0,012
;;;0,746;0,012
;;;0,747;0,01
;;;0,748;0,012
;;;0,749;0,012
;;;0,75;0,012
;;;0,751;0,012
;;;0,752;0,01
;;;0,753;0,01
;;;0,754;0,01
;;;0,755;0,01
;;;0,756;0,01
;;;0,757;0,012
;;;0,758;0,022
;;;0,759;0,01
;;;0,76;0,01
;;;0,761;0,01
;;;0,762;0,012
;;;0,763;0,012
;;;0,764;0,012
;;;0,765;0,012
;;;0,766;0,01
;;;0,767;0,012
;;;0,768;0,01
;;;0,769;0,012
;;;0,77;0,01
;;;0,771;0,01
;;;0,772;0,01
;;;0,773;0,01
;;;0,774;0,01
;;;0,775;0,01
;;;0,776;0,01
;;;0,777;0,008
;;;0,778;0,01
;;;0,779;0,012
;;;0,78;0,01
;;;0,781;0,01
;;;0,782;0,012
;;;0,783;0,012
;;;0,784;0,01
;;;0,785;0,01
;;;0,786;0,01
;;;0,787;0,01
;;;0,788;0,01
;;;0,789;0,008
;;;0,79;0,01
;;;0,791;0,01
;;;0,792;0,008
;;;0,793;0,01
;;;0,794;0,008
;;;0,795;0,01
;;;0,796;0,01
;;;0,797;0,012
;;;0,798;0,01
;;;0,799;0,01
;;;0,8;0,01
;;;0,801;0,008
;;;0,802;0,01
;;;0,803;0,01
;;;0,804;0,01
;;;0,805;0,008
;;;0,806;0,006
;;;0,807;0,008
;;;0,808;0,01
;;;0,809;0,01
;;;0,81;0,008
;;;0,811;0,008
;;;0,812;0,01
;;;0,813;0,01
;;;0,814;0,01
;;;0,815;0,01
;;;0,816;0,01
;;;0,817;0,008
;;;0,818;0,008
;;;0,819;0,01
;;;0,82;0,01
;;;0,821;0,008
;;;0,822;0,008
;;;0,823;0,008
;;;0,824;0,006
;;;0,825;0,006
;;;0,826;0,008
;;;0,827;0,008
;;;0,828;0,008
;;;0,829;0,01
;;;0,83;0,008
;;;0,831;0,01
;;;0,832;0,01
;;;0,833;0,01
;;;0,834;0,008
;;;0,835;0,008
;;;0,836;0,01
;;;0,837;0,006
;;;0,838;0,008
;;;0,839;0,008
;;;0,84;0,006
;;;0,841;0,01
;;;0,842;0,008
;;;0,843;0,008
;;;0,844;0,006
;;;0,845;0,008
;;;0,846;0,004
;;;0,847;0,006
;;;0,848;0,01
;;;0,849;0,008
;;;0,85;0,006
;;;0,851;0,008
;;;0,852;0,006
;;;0,853;0,006
;;;0,854;0,008
;;;0,855;0,004
;;;0,856;0,008
;;;0,857;0,006
;;;0,858;0,006
;;;0,859;0,006
;;;0,86;0,002
;;;0,861;0,008
;;;0,862;0,008
;;;0,863;0,014
;;;0,864;0,006
;;;0,865;0,01
;;;0,866;0,008
;;;0,867;0,008
;;;0,868;0,01
;;;0,869;0,006
;;;0,87;0,008
;;;0,871;0,006
;;;0,872;0,006
;;;0,873;0,006
;;;0,874;0,006
;;;0,875;0,006
;;;0,876;0,006
;;;0,877;0,006
;;;0,878;0,006
;;;0,879;0,006
;;;0,88;0,006
;;;0,881;0,008
;;;0,882;0,006
;;;0,883;0,008
;;;0,884;0,006
;;;0,885;0,006
;;;0,886;0,006
;;;0,887;0,006
;;;0,888;0,004
;;;0,889;0,006
;;;0,89;-0,002
;;;0,891;0,006
;;;0,892;0,006
;;;0,893;0,006
;;;0,894;0,006
;;;0,895;0,006
;;;0,896;0,006
;;;0,897;0,006
;;;0,898;0,006
;;;0,899;0,006
;;;0,9;0,006
;;;0,901;0,006
;;;0,902;0,008
;;;0,903;0,006
;;;0,904;0,006
;;;0,905;0,006
;;;0,906;0,004
;;;0,907;0,006
;;;0,908;0,006
;;;0,909;0,004
;;;0,91;0,004
;;;0,911;0,006
;;;0,912;0,006
;;;0,913;0,006
;;;0,914;0,006
;;;0,915;0,006
;;;0,916;0,006
;;;0,917;0,006
;;;0,918;0,004
;;;0,919;0,006
;;;0,92;0,006
;;;0,921;0,004
;;;0,922;0,004
;;;0,923;0,004
;;;0,924;0,006
;;;0,925;0,006
;;;0,926;0,004
;;;0,927;0,004
;;;0,928;0,004
;;;0,929;0,006
;;;0,93;0,006
;;;0,931;0,006
;;;0,932;0,006
;;;0,933;0,004
;;;0,934;0,006
;;;0,935;0,004
;;;0,936;0,006
;;;0,937;0,006
;;;0,938;0,004
;;;0,939;0,004
;;;0,94;0,004
;;;0,941;0,004
;;;0,942;0,004
;;;0,943;0,004
;;;0,944;0,004
;;;0,945;0,006
;;;0,946;0,006
;;;0,947;0,004
;;;0,948;0,004
;;;0,949;0,006
;;;0,95;0,004
;;;0,951;0,004
;;;0,952;0,006
;;;0,953;0,006
;;;0,954;0,004
;;;0,955;0,004
;;;0,956;0,004
;;;0,957;0,004
;;;0,958;0,004
;;;0,959;0,004
;;;0,96;0,004
;;;0,961;0,004
;;;0,962;0,004
;;;0,963;0,006
;;;0,964;0,006
;;;0,965;0,002
;;;0,966;0,004
;;;0,967;0,004
;;;0,968;0,008
;;;0,969;0,004
;;;0,97;0,002
;;;0,971;0,004
;;;0,972;0,002
;;;0,973;0,004
;;;0,974;0,004
;;;0,975;0,004
;;;0,976;0,004
;;;0,977;0,004
;;;0,978;0,004
;;;0,979;0,006
;;;0,98;0,006
;;;0,981;0,004
;;;0,982;0,004
;;;0,983;0,004
;;;0,984;0,004
;;;0,985;0,004
;;;0,986;0,004
;;;0,987;-0,002
;;;0,988;0,002
;;;0,989;0,004
;;;0,99;0,004
;;;0,991;0,004
;;;0,992;0,004
;;;0,993;0,004
;;;0,994;0,004
;;;0,995;0,004
;;;0,996;0,004
;;;0,997;0,004
;;;0,998;0,004
;;;0,999;0,004
;;;1;0,004
;;;1,001;0,004
;;;1,002;0,004
;;;1,003;0,004
;;;1,004;0,004
;;;1,005;0,002
;;;1,006;0,002
;;;1,007;0,002
;;;1,008;0,004
;;;1,009;0,004
;;;1,01;0,004
;;;1,011;0,002
;;;1,012;0,002
;;;1,013;0,004
;;;1,014;0,004
;;;1,015;0,004
;;;1,016;0,004
;;;1,017;0,002
;;;1,018;0,004
;;;1,019;0,002
;;;1,02;0,004
;;;1,021;0,004
;;;1,022;0,002
;;;1,023;0,002
;;;1,024;0,004
;;;1,025;0,002
;;;1,026;0,002
;;;1,027;0,002
;;;1,028;0,002
;;;1,029;0,004
;;;1,03;0,004
;;;1,031;0,004
;;;1,032;0,004
;;;1,033;0,002
;;;1,034;0,004
;;;1,035;0,004
;;;1,036;0,004
;;;1,037;0,004
;;;1,038;0,002
;;;1,039;0,002
;;;1,04;0,002
;;;1,041;0,002
;;;1,042;0,002
;;;1,043;0,002
;;;1,044;0,004
;;;1,045;0,004
;;;1,046;0,002
;;;1,047;0,004
;;;1,048;0,002
;;;1,049;0,004
;;;1,05;0,002
;;;1,051;0,004
;;;1,052;0,004
;;;1,053;0,002
;;;1,054;0,002
;;;1,055;0,002
;;;1,056;0,002
;;;1,057;0,002
;;;1,058;0,002
;;;1,059;0,002
;;;1,06;0,004
;;;1,061;0,002
;;;1,062;0,002
;;;1,063;0,002
;;;1,064;0,004
;;;1,065;0,004
;;;1,066;0,004
;;;1,067;0,002
;;;1,068;0,002
;;;1,069;0,002
;;;1,07;0,002
;;;1,071;0,002
;;;1,072;0,002
;;;1,073;0,002
;;;1,074;0,004
;;;1,075;0,004
;;;1,076;0,002
;;;1,077;0,002
;;;1,078;0,004
;;;1,079;0,002
;;;1,08;0,004
;;;1,081;0,004
;;;1,082;0,002
;;;1,083;0,004
;;;1,084;0,002
;;;1,085;0,002
;;;1,086;0,004
;;;1,087;0,004
;;;1,088;0,002
;;;1,089;0,002
;;;1,09;0,002
;;;1,091;0,002
;;;1,092;0,004
;;;1,093;0,004
;;;1,094;0,004
;;;1,095;0,006
;;;1,096;0,002
;;;1,097;0
;;;1,098;0,002
;;;1,099;0,004
;;;1,1;0,006
;;;1,101;0,004
;;;1,102;0,002
;;;1,103;0,002
;;;1,104;0,002
;;;1,105;0,002
;;;1,106;0,002
;;;1,107;0,002
;;;1,108;0,002
;;;1,109;0,002
;;;1,11;0,002
;;;1,111;0,004
;;;1,112;0,002
;;;1,113;0,002
;;;1,114;0,008
;;;1,115;0,002
;;;1,116;0,004
;;;1,117;0,004
;;;1,118;0,002
;;;1,119;0
;;;1,12;0
;;;1,121;0,004
;;;1,122;-0,008
;;;1,123;0,002
;;;1,124;0,002
;;;1,125;0,002
;;;1,126;0,002
;;;1,127;0,002
;;;1,128;0,002
;;;1,129;0,002
;;;1,13;0,002
;;;1,131;0,002
;;;1,132;0,002
;;;1,133;0,002
;;;1,134;0,002
;;;1,135;0,002
;;;1,136;0,004
;;;1,137;0,002
;;;1,138;0
;;;1,139;0
;;;1,14;0
;;;1,141;-0,008
;;;1,142;0,002
;;;1,143;0
;;;1,144;0,002
;;;1,145;0,002
;;;1,146;0,002
;;;1,147;0,004
;;;1,148;0,002
;;;1,149;0,002
;;;1,15;0,002
;;;1,151;0,002
;;;1,152;0,002
;;;1,153;0,002
;;;1,154;0,002
;;;1,155;0,002
;;;1,156;0
;;;1,157;0,002
;;;1,158;0,002
;;;1,159;0,002
;;;1,16;0,002
;;;1,161;0,002
;;;1,162;0,002
;;;1,163;0,002
;;;1,164;0,002
;;;1,165;0,002
;;;1,166;0,002
;;;1,167;0,002
;;;1,168;0,002
;;;1,169;0,002
;;;1,17;0,002
;;;1,171;0,002
;;;1,172;0,002
;;;1,173;0,002
;;;1,174;0
;;;1,175;0
;;;1,176;0,002
;;;1,177;0,002
;;;1,178;0,002
;;;1,179;0,002
;;;1,18;0,002
;;;1,181;0,002
;;;1,182;0,002
;;;1,183;0,002
;;;1,184;0,002
;;;1,185;0
;;;1,186;0,002
;;;1,187;0
;;;1,188;0,002
;;;1,189;0,002
;;;1,19;0,002
;;;1,191;0,002
;;;1,192;0
;;;1,193;0,002
;;;1,194;0,002
;;;1,195;0,004
;;;1,196;0
;;;1,197;0,002
;;;1,198;0,002
;;;1,199;0,004
;;;1,2;0
;;;1,201;0,002
;;;1,202;0
;;;1,203;0
;;;1,204;0
;;;1,205;0,002
;;;1,206;0
;;;1,207;0
;;;1,208;0,002
;;;1,209;0
;;;1,21;0
;;;1,211;0,002
;;;1,212;0,002
;;;1,213;0
;;;1,214;0,002
;;;1,215;0,002
;;;1,216;0,002
;;;1,217;0,002
;;;1,218;0,002
;;;1,219;0,004
;;;1,22;0,002
;;;1,221;0
;;;1,222;0
;;;1,223;0
;;;1,224;-0,002
;;;1,225;0,002
;;;1,226;0,002
;;;1,227;0,002
;;;1,228;0
;;;1,229;0,002
;;;1,23;0,002
;;;1,231;0,002
;;;1,232;0,002
;;;1,233;0,002
;;;1,234;0,002
;;;1,235;0,002
;;;1,236;0
;;;1,237;0,002
;;;1,238;0,002
;;;1,239;0,002
;;;1,24;0
;;;1,241;0,004
;;;1,242;0,002
;;;1,243;0
;;;1,244;0
;;;1,245;0,002
;;;1,246;-0,004
;;;1,247;0,002
;;;1,248;0,002
;;;1,249;0,002
;;;1,25;0,002
;;;1,251;0,002
;;;1,252;0,002
;;;1,253;0,002
;;;1,254;0
;;;1,255;0,002
;;;1,256;0
;;;1,257;0
;;;1,258;0
;;;1,259;0,002
;;;1,26;0
;;;1,261;0,002
;;;1,262;0,002
;;;1,263;0,002
;;;1,264;0,002
;;;1,265;0,002
;;;1,266;0
;;;1,267;0,002
;;;1,268;-0,022
;;;1,269;0,002
;;;1,27;0,002
;;;1,271;0
;;;1,272;0
;;;1,273;0
;;;1,274;0,002
;;;1,275;0
;;;1,276;0
;;;1,277;0
;;;1,278;0
;;;1,279;0,002
;;;1,28;0,002
;;;1,281;0,002
;;;1,282;0,002
;;;1,283;0
;;;1,284;0,002
;;;1,285;0
;;;1,286;0
;;;1,287;0
;;;1,288;0,002
;;;1,289;0
;;;1,29;0
;;;1,291;0
;;;1,292;0,002
;;;1,293;0
;;;1,294;0,002
;;;1,295;0,002
;;;1,296;0,002
;;;1,297;0,002
;;;1,298;0,002
;;;1,299;0,002
;;;1,3;0,002
;;;1,301;0,002
;;;1,302;0
;;;1,303;0,002
;;;1,304;0,002
;;;1,305;0
;;;1,306;0
;;;1,307;0
;;;1,308;0
;;;1,309;0
;;;1,31;0
;;;1,311;0,002
;;;1,312;0,002
;;;1,313;0,002
;;;1,314;0,002
;;;1,315;0
;;;1,316;0,002
;;;1,317;0,002
;;;1,318;0
;;;1,319;0
;;;1,32;0
;;;1,321;0
;;;1,322;0,002
;;;1,323;0
;;;1,324;0
;;;1,325;0
;;;1,326;0
;;;1,327;0
;;;1,328;0,002
;;;1,329;0,002
;;;1,33;0,002
;;;1,331;0
;;;1,332;0,002
;;;1,333;0,002
;;;1,334;0,002
;;;1,335;0
;;;1,336;0,002
;;;1,337;0,004
;;;1,338;0,002
;;;1,339;0
;;;1,34;0,002
;;;1,341;0
;;;1,342;-0,002
;;;1,343;0
;;;1,344;0
;;;1,345;0,002
;;;1,346;0
;;;1,347;0,002
;;;1,348;0,002
;;;1,349;0,002
;;;1,35;0,002
;;;1,351;0,002
;;;1,352;0,002
;;;1,353;0
;;;1,354;-0,004
;;;1,355;0
;;;1,356;0
;;;1,357;0,004
;;;1,358;0
;;;1,359;-0,002
;;;1,36;0
;;;1,361;0
;;;1,362;-0,004
;;;1,363;0
;;;1,364;0,002
;;;1,365;0,002
;;;1,366;0,002
;;;1,367;0,002
;;;1,368;0
;;;1,369;0
;;;1,37;0
;;;1,371;0
;;;1,372;0
;;;1,373;0
;;;1,374;0
;;;1,375;0
;;;1,376;0
;;;1,377;0
;;;1,378;0
;;;1,379;0,002
;;;1,38;0,002
;;;1,381;0,01
;;;1,382;0,002
;;;1,383;0,002
;;;1,384;0,002
;;;1,385;0
;;;1,386;0
;;;1,387;0
;;;1,388;-0,002
;;;1,389;0
;;;1,39;0,002
;;;1,391;0
;;;1,392;0
;;;1,393;0
;;;1,394;0
;;;1,395;0
;;;1,396;0,002
;;;1,397;0,002
;;;1,398;0
;;;1,399;0,002
;;;1,4;0
;;;1,401;0
;;;1,402;0
;;;1,403;0
;;;1,404;0
;;;1,405;0
;;;1,406;0
;;;1,407;0
;;;1,408;0
;;;1,409;0
;;;1,41;0
;;;1,411;0
;;;1,412;0,002
;;;1,413;0
;;;1,414;0
;;;1,415;0,002
;;;1,416;0
;;;1,417;0,002
;;;1,418;0,002
;;;1,419;0,002
;;;1,42;0
;;;1,421;0
;;;1,422;0
;;;1,423;-0,002
;;;1,424;0
;;;1,425;0
;;;1,426;0
;;;1,427;0
;;;1,428;0,002
;;;1,429;0
;;;1,43;0,002
;;;1,431;0
;;;1,432;0,002
;;;1,433;0,002
;;;1,434;0,002
;;;1,435;0
;;;1,436;0
;;;1,437;0
;;;1,438;0
;;;1,439;0,002
;;;1,44;0
;;;1,441;0
;;;1,442;0
;;;1,443;0
;;;1,444;0
;;;1,445;0
;;;1,446;0
;;;1,447;0,002
;;;1,448;0
;;;1,449;0
;;;1,45;0,002
;;;1,451;0
;;;1,452;0
;;;1,453;0
;;;1,454;0
;;;1,455;0
;;;1,456;0
;;;1,457;0
;;;1,458;0
;;;1,459;0,002
;;;1,46;0,002
;;;1,461;0,002
;;;1,462;0
;;;1,463;0,002
;;;1,464;0,002
;;;1,465;0,002
;;;1,466;0,002
;;;1,467;0
;;;1,468;0
;;;1,469;0
;;;1,47;-0,002
;;;1,471;0
;;;1,472;-0,002
;;;1,473;0,002
;;;1,474;0
;;;1,475;0,004
;;;1,476;0
;;;1,477;0
;;;1,478;0,004
;;;1,479;0
;;;1,48;0,002
;;;1,481;0,002
;;;1,482;0
;;;1,483;0
;;;1,484;0
;;;1,485;0
;;;1,486;0,002
;;;1,487;0,002
;;;1,488;0
;;;1,489;0
;;;1,49;0
;;;1,491;0
;;;1,492;0
;;;1,493;0
;;;1,494;0
;;;1,495;0,002
;;;1,496;0
;;;1,497;-0,008
;;;1,498;0,002
;;;1,499;0,002
;;;1,5;0
;;;1,501;0
;;;1,502;0
;;;1,503;0
;;;1,504;0
;;;1,505;0
;;;1,506;0
;;;1,507;0
;;;1,508;0
;;;1,509;0
;;;1,51;0
;;;1,511;0
;;;1,512;0
;;;1,513;0,002
;;;1,514;0,002
;;;1,515;0,002
;;;1,516;0
;;;1,517;0
;;;1,518;0
;;;1,519;0
;;;1,52;0
;;;1,521;-0,002
;;;1,522;0
;;;1,523;0
;;;1,524;0
;;;1,525;0
;;;1,526;0
;;;1,527;0,002
;;;1,528;0
;;;1,529;0
;;;1,53;0,002
;;;1,531;0
;;;1,532;0,002
;;;1,533;0
;;;1,534;0
;;;1,535;0
;;;1,536;0,002
;;;1,537;-0,002
;;;1,538;0
;;;1,539;0,002
;;;1,54;0
;;;1,541;0
;;;1,542;0
;;;1,543;0
;;;1,544;0,002
;;;1,545;0
;;;1,546;0,002
;;;1,547;0
;;;1,548;0,002
;;;1,549;0,002
;;;1,55;0
;;;1,551;0
;;;1,552;0
;;;1,553;0
;;;1,554;0
;;;1,555;0
;;;1,556;-0,002
;;;1,557;0
;;;1,558;0
;;;1,559;0
;;;1,56;0
;;;1,561;0
;;;1,562;0,002
;;;1,563;0
;;;1,564;0
;;;1,565;0
;;;1,566;0,002
;;;1,567;0,002
;;;1,568;0
;;;1,569;0
;;;1,57;-0,002
;;;1,571;0
;;;1,572;-0,002
;;;1,573;0
;;;1,574;0
;;;1,575;0,002
;;;1,576;0
;;;1,577;0
;;;1,578;0,002
;;;1,579;0
;;;1,58;0
;;;1,581;0
;;;1,582;0
;;;1,583;0,002
;;;1,584;0,002
;;;1,585;0,002
;;;1,586;0
;;;1,587;0
;;;1,588;-0,004
;;;1,589;0
;;;1,59;0
;;;1,591;0
;;;1,592;0
;;;1,593;0
;;;1,594;0
;;;1,595;0
;;;1,596;0
;;;1,597;-0,002
;;;1,598;0
;;;1,599;0,002
;;;1,6;0
;;;1,601;0
;;;1,602;0,006
;;;1,603;0
;;;1,604;0
;;;1,605;0
;;;1,606;0
;;;1,607;-0,002
;;;1,608;0
;;;1,609;0
;;;1,61;0
;;;1,611;0
;;;1,612;0,002
;;;1,613;0,002
;;;1,614;0
;;;1,615;0
;;;1,616;0
;;;1,617;0
;;;1,618;0,002
;;;1,619;-0,002
;;;1,62;0
;;;1,621;0
;;;1,622;-0,002
;;;1,623;0
;;;1,624;-0,016
;;;1,625;-0,002
;;;1,626;0
;;;1,627;0
;;;1,628;0
;;;1,629;0
;;;1,63;0
;;;1,631;0,002
;;;1,632;0
;;;1,633;0
;;;1,634;0
;;;1,635;0
;;;1,636;0
;;;1,637;0
;;;1,638;0
;;;1,639;0
;;;1,64;0
;;;1,641;0
;;;1,642;-0,002
;;;1,643;-0,008
;;;1,644;0
;;;1,645;0
;;;1,646;0
;;;1,647;0,002
;;;1,648;0,002
;;;1,649;0,002
;;;1,65;0
;;;1,651;0
;;;1,652;0
;;;1,653;0
;;;1,654;0,002
;;;1,655;-0,002
;;;1,656;0
;;;1,657;0
;;;1,658;0
;;;1,659;0
;;;1,66;0
;;;1,661;0
;;;1,662;0
;;;1,663;0
;;;1,664;0
;;;1,665;0,002
;;;1,666;0
;;;1,667;0
;;;1,668;0,002
;;;1,669;0,002
;;;1,67;0
;;;1,671;0
;;;1,672;0
;;;1,673;0
;;;1,674;0
;;;1,675;0
;;;1,676;0
;;;1,677;0
;;;1,678;0
;;;1,679;0
;;;1,68;0,002
;;;1,681;0
;;;1,682;0
;;;1,683;0
;;;1,684;0
;;;1,685;0
;;;1,686;0
;;;1,687;0
;;;1,688;0
;;;1,689;-0,002
;;;1,69;0
;;;1,691;0
;;;1,692;0
;;;1,693;0
;;;1,694;0
;;;1,695;0
;;;1,696;0
;;;1,697;0,002
;;;1,698;0
;;;1,699;0,002
;;;1,7;0
;;;1,701;0
;;;1,702;0
;;;1,703;0
;;;1,704;0,004
;;;1,705;0
;;;1,706;-0,002
;;;1,707;0
;;;1,708;-0,002
;;;1,709;0
;;;1,71;0
;;;1,711;0
;;;1,712;0
;;;1,713;0
;;;1,714;0,002
;;;1,715;0
;;;1,716;0
;;;1,717;0
;;;1,718;0,002
;;;1,719;0,002
;;;1,72;0
;;;1,721;0
;;;1,722;0
;;;1,723;0
;;;1,724;0
;;;1,725;0
;;;1,726;0
;;;1,727;0
;;;1,728;0
;;;1,729;0
;;;1,73;0
;;;1,731;0,002
;;;1,732;0,002
;;;1,733;0
;;;1,734;0
;;;1,735;0
;;;1,736;0
;;;1,737;0
;;;1,738;0
;;;1,739;0
;;;1,74;0
;;;1,741;-0,002
;;;1,742;0
;;;1,743;0
;;;1,744;0,002
;;;1,745;0
;;;1,746;0
;;;1,747;0
;;;1,748;0,016
;;;1,749;0
;;;1,75;0
;;;1,751;0,002
;;;1,752;0
;;;1,753;0
;;;1,754;-0,002
;;;1,755;0
;;;1,756;0
;;;1,757;0
;;;1,758;0
;;;1,759;0,002
;;;1,76;0
;;;1,761;0
;;;1,762;0
;;;1,763;0,002
;;;1,764;0
;;;1,765;0,002
;;;1,766;0,002
;;;1,767;0
;;;1,768;0
;;;1,769;0
;;;1,77;0
;;;1,771;0
;;;1,772;-0,002
;;;1,773;-0,002
;;;1,774;0
;;;1,775;0
;;;1,776;0
;;;1,777;0
;;;1,778;0
;;;1,779;0
;;;1,78;0
;;;1,781;0
;;;1,782;0
;;;1,783;0
;;;1,784;0
;;;1,785;0
;;;1,786;0
;;;1,787;0
;;;1,788;0
;;;1,789;0
;;;1,79;0
;;;1,791;-0,002
;;;1,792;-0,002
;;;1,793;0
;;;1,794;0
;;;1,795;0
;;;1,796;0
;;;1,797;0
;;;1,798;0
;;;1,799;0
;;;1,8;0
;;;1,801;0
;;;1,802;-0,002
;;;1,803;0,002
;;;1,804;0
;;;1,805;-0,002
;;;1,806;0
;;;1,807;0
;;;1,808;0
;;;1,809;0
;;;1,81;0
;;;1,811;0,002
;;;1,812;0
;;;1,813;0
;;;1,814;0
;;;1,815;0
;;;1,816;0,002
;;;1,817;-0,002
;;;1,818;0
;;;1,819;0
;;;1,82;0
;;;1,821;0
;;;1,822;-0,002
;;;1,823;0
;;;1,824;0
;;;1,825;0
;;;1,826;0
;;;1,827;0
;;;1,828;0
;;;1,829;0
;;;1,83;0
;;;1,831;0
;;;1,832;0
;;;1,833;0
;;;1,834;0,002
;;;1,835;0
;;;1,836;-0,002
;;;1,837;-0,002
;;;1,838;0
;;;1,839;-0,002
;;;1,84;0
;;;1,841;-0,002
;;;1,842;0
;;;1,843;-0,002
;;;1,844;0,002
;;;1,845;0
;;;1,846;0
;;;1,847;0
;;;1,848;0,002
;;;1,849;0
;;;1,85;0,002
;;;1,851;0,002
;;;1,852;0
;;;1,853;0,006
;;;1,854;0
;;;1,855;0
;;;1,856;-0,006
;;;1,857;-0,002
;;;1,858;0
;;;1,859;0
;;;1,86;0
;;;1,861;0,004
;;;1,862;0
;;;1,863;0
;;;1,864;-0,002
;;;1,865;0
;;;1,866;0
;;;1,867;0
;;;1,868;0
;;;1,869;0
;;;1,87;0
;;;1,871;0
;;;1,872;0
;;;1,873;0
;;;1,874;0
;;;1,875;-0,022
;;;1,876;-0,002
;;;1,877;0
;;;1,878;-0,002
;;;1,879;0
;;;1,88;0
;;;1,881;0
;;;1,882;0
;;;1,883;-0,004
;;;1,884;0
;;;1,885;0
;;;1,886;0
;;;1,887;0
;;;1,888;-0,002
;;;1,889;0
;;;1,89;-0,002
;;;1,891;-0,002
;;;1,892;-0,002
;;;1,893;-0,002
;;;1,894;-0,002
;;;1,895;0,002
;;;1,896;0
;;;1,897;0,002
;;;1,898;0
;;;1,899;0
;;;1,9;0,002
;;;1,901;0
;;;1,902;0
;;;1,903;0
;;;1,904;0
;;;1,905;0
;;;1,906;0
;;;1,907;0
;;;1,908;0
;;;1,909;0
;;;1,91;-0,002
;;;1,911;0
;;;1,912;0
;;;1,913;0
;;;1,914;0,002
;;;1,915;0
;;;1,916;0
;;;1,917;0,002
;;;1,918;0,002
;;;1,919;0
;;;1,92;0
;;;1,921;0
;;;1,922;0
;;;1,923;-0,002
;;;1,924;0
;;;1,925;0
;;;1,926;0
;;;1,927;0
;;;1,928;0
;;;1,929;0
;;;1,93;0,002
;;;1,931;0
;;;1,932;0,002
;;;1,933;0
;;;1,934;0
;;;1,935;0
;;;1,936;0
;;;1,937;-0,002
;;;1,938;0
;;;1,939;0
;;;1,94;0
;;;1,941;-0,002
;;;1,942;0
;;;1,943;0
;;;1,944;0,002
;;;1,945;0
;;;1,946;0
;;;1,947;0
;;;1,948;0
;;;1,949;0
;;;1,95;0
;;;1,951;0
;;;1,952;0
;;;1,953;0,002
;;;1,954;0
;;;1,955;0
;;;1,956;0
;;;1,957;0
;;;1,958;0,002
;;;1,959;0
;;;1,96;0
;;;1,961;-0,002
;;;1,962;0
;;;1,963;0
;;;1,964;0
;;;1,965;0,002
;;;1,966;0,002
;;;1,967;0
;;;1,968;0
;;;1,969;0
;;;1,97;0
;;;1,971;0
;;;1,972;0
;;;1,973;0
;;;1,974;0
;;;1,975;0
;;;1,976;0
;;;1,977;0
;;;1,978;0
;;;1,979;0
;;;1,98;0,006
;;;1,981;0
;;;1,982;0,002
;;;1,983;0,004
;;;1,984;0
;;;1,985;0
;;;1,986;0
;;;1,987;0
;;;1,988;0,006
;;;1,989;0
;;;1,99;0
;;;1,991;-0,002
;;;1,992;0,002
;;;1,993;0
;;;1,994;-0,002
;;;1,995;0
;;;1,996;0
;;;1,997;0
;;;1,998;0
;;;1,999;0
;;;2;-0,006
;;;2,001;-0,012
;;;2,002;-0,014
;;;2,003;-0,02
;;;2,004;-0,024
;;;2,005;-0,028
;;;2,006;-0,032
;;;2,007;-0,036
;;;2,008;-0,04
;;;2,009;-0,044
;;;2,01;-0,046
;;;2,011;-0,048
;;;2,012;-0,052
;;;2,013;-0,056
;;;2,014;-0,058
;;;2,015;-0,062
;;;2,016;-0,066
;;;2,017;-0,066
;;;2,018;-0,068
;;;2,019;-0,072
;;;2,02;-0,074
;;;2,021;-0,074
;;;2,022;-0,074
;;;2,023;-0,074
;;;2,024;-0,074
;;;2,025;-0,074
;;;2,026;-0,074
;;;2,027;-0,074
;;;2,028;-0,074
;;;2,029;-0,074
;;;2,03;-0,074
;;;2,031;-0,074
;;;2,032;-0,074
;;;2,033;-0,074
;;;2,034;-0,074
;;;2,035;-0,074
;;;2,036;-0,074
;;;2,037;-0,074
;;;2,038;-0,074
;;;2,039;-0,074
;;;2,04;-0,074
;;;2,041;-0,074
;;;2,042;-0,074
;;;2,043;-0,074
;;;2,044;-0,074
;;;2,045;-0,074
;;;2,046;-0,074
;;;2,047;-0,074
;;;2,048;-0,074
;;;2,049;-0,074
;;;2,05;-0,074
;;;2,051;-0,074
;;;2,052;-0,074
;;;2,053;-0,074
;;;2,054;-0,074
;;;2,055;-0,074
;;;2,056;-0,074
;;;2,057;-0,074
;;;2,058;-0,074
;;;2,059;-0,074
;;;2,06;-0,074
;;;2,061;-0,074
;;;2,062;-0,074
;;;2,063;-0,074
;;;2,064;-0,074
;;;2,065;-0,074
;;;2,066;-0,074
;;;2,067;-0,074
;;;2,068;-0,074
;;;2,069;-0,074
;;;2,07;-0,074
;;;2,071;-0,074
;;;2,072;-0,074
;;;2,073;-0,074
;;;2,074;-0,074
;;;2,075;-0,074
;;;2,076;-0,074
;;;2,077;-0,074
;;;2,078;-0,074
;;;2,079;-0,074
;;;2,08;-0,074
;;;2,081;-0,074
;;;2,082;-0,074
;;;2,083;-0,074
;;;2,084;-0,074
;;;2,085;-0,074
;;;2,086;-0,074
;;;2,087;-0,074
;;;2,088;-0,074
;;;2,089;-0,074
;;;2,09;-0,074
;;;2,091;-0,074
;;;2,092;-0,074
;;;2,093;-0,074
;;;2,094;-0,074
;;;2,095;-0,074
;;;2,096;-0,074
;;;2,097;-0,074
;;;2,098;-0,074
;;;2,099;-0,074
;;;2,1;-0,074
;;;2,101;-0,074
;;;2,102;-0,074
;;;2,103;-0,074
;;;2,104;-0,074
;;;2,105;-0,074
;;;2,106;-0,074
;;;2,107;-0,074
;;;2,108;-0,074
;;;2,109;-0,074
;;;2,11;-0,074
;;;2,111;-0,074
;;;2,112;-0,074
;;;2,113;-0,074
;;;2,114;-0,074
;;;2,115;-0,074
;;;2,116;-0,074
;;;2,117;-0,074
;;;2,118;-0,074
;;;2,119;-0,074
;;;2,12;-0,074
;;;2,121;-0,074
;;;2,122;-0,074
;;;2,123;-0,074
;;;2,124;-0,074
;;;2,125;-0,074
;;;2,126;-0,074
;;;2,127;-0,074
;;;2,128;-0,074
;;;2,129;-0,074
;;;2,13;-0,074
;;;2,131;-0,074
;;;2,132;-0,074
;;;2,133;-0,074
;;;2,134;-0,074
;;;2,135;-0,074
;;;2,136;-0,074
;;;2,137;-0,074
;;;2,138;-0,074
;;;2,139;-0,074
;;;2,14;-0,074
;;;2,141;-0,074
;;;2,142;-0,074
;;;2,143;-0,074
;;;2,144;-0,074
;;;2,145;-0,074
;;;2,146;-0,074
;;;2,147;-0,074
;;;2,148;-0,074
;;;2,149;-0,074
;;;2,15;-0,074
;;;2,151;-0,074
;;;2,152;-0,074
;;;2,153;-0,074
;;;2,154;-0,074
;;;2,155;-0,074
;;;2,156;-0,074
;;;2,157;-0,074
;;;2,158;-0,074
;;;2,159;-0,074
;;;2,16;-0,074
;;;2,161;-0,074
;;;2,162;-0,074
;;;2,163;-0,074
;;;2,164;-0,074
;;;2,165;-0,074
;;;2,166;-0,074
;;;2,167;-0,074
;;;2,168;-0,074
;;;2,169;-0,074
;;;2,17;-0,074
;;;2,171;-0,074
;;;2,172;-0,074
;;;2,173;-0,074
;;;2,174;-0,074
;;;2,175;-0,074
;;;2,176;-0,074
;;;2,177;-0,074
;;;2,178;-0,074
;;;2,179;-0,074
;;;2,18;-0,074
;;;2,181;-0,074
;;;2,182;-0,074
;;;2,183;-0,074
;;;2,184;-0,074
;;;2,185;-0,074
;;;2,186;-0,074
;;;2,187;-0,074
;;;2,188;-0,074
;;;2,189;-0,074
;;;2,19;-0,074
;;;2,191;-0,074
;;;2,192;-0,074
;;;2,193;-0,074
;;;2,194;-0,074
;;;2,195;-0,074
;;;2,196;-0,074
;;;2,197;-0,074
;;;2,198;-0,074
;;;2,199;-0,074
;;;2,2;-0,074
;;;2,201;-0,074
;;;2,202;-0,074
;;;2,203;-0,074
;;;2,204;-0,074
;;;2,205;-0,074
;;;2,206;-0,074
;;;2,207;-0,074
;;;2,208;-0,074
;;;2,209;-0,074
;;;2,21;-0,074
;;;2,211;-0,074
;;;2,212;-0,074
;;;2,213;-0,074
;;;2,214;-0,074
;;;2,215;-0,074
;;;2,216;-0,074
;;;2,217;-0,074
;;;2,218;-0,074
;;;2,219;-0,074
;;;2,22;-0,074
;;;2,221;-0,074
;;;2,222;-0,074
;;;2,223;-0,074
;;;2,224;-0,074
;;;2,225;-0,074
;;;2,226;-0,074
;;;2,227;-0,074
;;;2,228;-0,074
;;;2,229;-0,074
;;;2,23;-0,074
;;;2,231;-0,074
;;;2,232;-0,074
;;;2,233;-0,074
;;;2,234;-0,074
;;;2,235;-0,074
;;;2,236;-0,074
;;;2,237;-0,074
;;;2,238;-0,074
;;;2,239;-0,074
;;;2,24;-0,074
;;;2,241;-0,074
;;;2,242;-0,074
;;;2,243;-0,074
;;;2,244;-0,074
;;;2,245;-0,074
;;;2,246;-0,074
;;;2,247;-0,074
;;;2,248;-0,074
;;;2,249;-0,074
;;;2,25;-0,074
;;;2,251;-0,074
;;;2,252;-0,074
;;;2,253;-0,074
;;;2,254;-0,074
;;;2,255;-0,074
;;;2,256;-0,074
;;;2,257;-0,074
;;;2,258;-0,074
;;;2,259;-0,074
;;;2,26;-0,074
;;;2,261;-0,074
;;;2,262;-0,074
;;;2,263;-0,074
;;;2,264;-0,074
;;;2,265;-0,074
;;;2,266;-0,074
;;;2,267;-0,074
;;;2,268;-0,074
;;;2,269;-0,074
;;;2,27;-0,074
;;;2,271;-0,074
;;;2,272;-0,074
;;;2,273;-0,074
;;;2,274;-0,074
;;;2,275;-0,074
;;;2,276;-0,074
;;;2,277;-0,074
;;;2,278;-0,074
;;;2,279;-0,074
;;;2,28;-0,074
;;;2,281;-0,074
;;;2,282;-0,074
;;;2,283;-0,074
;;;2,284;-0,074
;;;2,285;-0,074
;;;2,286;-0,074
;;;2,287;-0,074
;;;2,288;-0,074
;;;2,289;-0,074
;;;2,29;-0,074
;;;2,291;-0,074
;;;2,292;-0,074
;;;2,293;-0,074
;;;2,294;-0,074
;;;2,295;-0,074
;;;2,296;-0,074
;;;2,297;-0,074
;;;2,298;-0,072
;;;2,299;-0,072
;;;2,3;-0,072
;;;2,301;-0,072
;;;2,302;-0,072
;;;2,303;-0,074
;;;2,304;-0,072
;;;2,305;-0,072
;;;2,306;-0,072
;;;2,307;-0,07
;;;2,308;-0,072
;;;2,309;-0,07
;;;2,31;-0,07
;;;2,311;-0,072
;;;2,312;-0,068
;;;2,313;-0,07
;;;2,314;-0,068
;;;2,315;-0,068
;;;2,316;-0,068
;;;2,317;-0,068
;;;2,318;-0,066
;;;2,319;-0,066
;;;2,32;-0,068
;;;2,321;-0,068
;;;2,322;-0,068
;;;2,323;-0,066
;;;2,324;-0,068
;;;2,325;-0,066
;;;2,326;-0,066
;;;2,327;-0,066
;;;2,328;-0,066
;;;2,329;-0,066
;;;2,33;-0,06
;;;2,331;-0,066
;;;2,332;-0,064
;;;2,333;-0,066
;;;2,334;-0,064
;;;2,335;-0,064
;;;2,336;-0,062
;;;2,337;-0,064
;;;2,338;-0,064
;;;2,339;-0,062
;;;2,34;-0,062
;;;2,341;-0,062
;;;2,342;-0,062
;;;2,343;-0,062
;;;2,344;-0,062
;;;2,345;-0,062
;;;2,346;-0,06
;;;2,347;-0,064
;;;2,348;-0,06
;;;2,349;-0,06
;;;2,35;-0,06
;;;2,351;-0,06
;;;2,352;-0,056
;;;2,353;-0,058
;;;2,354;-0,058
;;;2,355;-0,058
;;;2,356;-0,058
;;;2,357;-0,058
;;;2,358;-0,058
;;;2,359;-0,058
;;;2,36;-0,058
;;;2,361;-0,058
;;;2,362;-0,056
;;;2,363;-0,056
;;;2,364;-0,054
;;;2,365;-0,054
;;;2,366;-0,056
;;;2,367;-0,056
;;;2,368;-0,054
;;;2,369;-0,054
;;;2,37;-0,054
;;;2,371;-0,054
;;;2,372;-0,054
;;;2,373;-0,054
;;;2,374;-0,05
;;;2,375;-0,054
;;;2,376;-0,054
;;;2,377;-0,054
;;;2,378;-0,052
;;;2,379;-0,052
